x,出现次数
，,412
：,395
的,302
  ,228
 ,147
。,119
内容,110
性别,99
日期,94
2015,76
是,69
女,64
年04月,63
年龄,60
拍,59
有,54
、,53
要,42
男,40
不,36
29日,35
在,35
喜欢,31
一,29
就,28
也,27
想,26
很,26
自己,26
好,25
最,24
可以,23
婚纱照,23
对,22
了,22
婚纱,22
我,20
职业,20
形式,19
和,18
27日,18
都,18
26,18
拍摄,18
自然,17
觉得,17
28日,17
采访,16
那种,16
中,16
海边,16
风格,16
能,16
人,15
一些,15
感觉,15
上,14
25,14
一定,14
一个,13
对于,13
去,13
着,12
看,12
一点,12
美,12
/4,12
）,11
   ,11
接受,11
/29,11
（,11
希望,11
与,11
出,11
太,10
照片,10
2015-04-27,10
微信,10
年04,10
旅行,10
月2,10
瞬间,10
7日,10
地方,10
结婚,9
特色,9
或者,9
27,9
应该,9
旅拍,9
里,9
不要,9
浪漫,9
多,9
套,9
选择,9
设计,8
她,8
期 2015,8
摄影,8
 日,8
然后,8
过,8
会,8
到,8
场景,8
  性,8
幸福,7
过程,7
没有,7
4月,7
@,7
2015年,7
把,7
别 ,7
真实,7
唯美,7
摆,7
服装,7
小,7
爱情,6
美丽,6
次,6
##,6
比较,6
吧,6
带,6
最好,6
穿,6
时间,6
啊,6
这,6
价格,6
什么,6
没,6
抓拍,6
主题,6
两,6
边,6
欧式,6
城市,6
能够,6
话,6
但是,6
未知,6
环境,6
行,6
大海,6
访谈,6
纪念,5
！,5
人物,5
大自然,5
以后,5
风景,5
可能,5
外景,5
还,5
认为,5
旅游,5
QQ,5
下,5
考虑,5
张,5
几,5
草原,5
..,5
特别,5
古典,5
需求,4
以内,4
动漫,4
概念,4
明确,4
要求,4
拍照,4
教堂,4
等,4
24,4
美好,4
让,4
并,4
气息,4
种,4
高,4
大,4
时,4
而,4
摄影师,4
理想,4
文艺,4
留住,4
像,4
中式,4
个,4
海底,4
学生,4
沙滩,4
新娘,4
坐,4
沙漠,4
比如说,4
要么,4
古代,4
才,4
各种,4
大家,4
街景,4
海景,4
还有,4
但,4
生活,4
条,4
讨论,4
来,4
非常,3
宏大,3
30,3
只是,3
别,3
欧洲,3
意义,3
事情,3
照,3
时候,3
文化,3
森林,3
纱照,3
拍婚,3
视频,3
程序员,3
还是,3
奢华,3
价位,3
年,3
游艇,3
复古,3
画面,3
韩国,3
好看,3
室内,3
期待,3
调查,3
组,3
新郎,3
23,3
轻松,3
与众不同,3
女生,3
服饰,3
感受,3
后,3
 女,3
风情,3
不错,3
花海,3
追求,3
女 ,3
随意,3
为了,3
左右,3
别  ,3
起来,3
别人,3
玩儿,3
阳光,3
意境,3
无所谓,3
贴近,3
关键,3
水,3
简约,3
故事,3
以,3
这样,3
农村,3
直接,3
地点,3
我们,3
汇总,3
流程,3
背景,3
根深,3
风景区,3
用户,3
记录,3
we,3
优雅,3
公务员,3
取景,3
清新,3
母校,3
又,3
漂流瓶,3
流瓶),3
(漂,3
 2015,3
表情,3
拒绝,3
传统,3
飘逸,3
憨笑][,2
一辈子,2
想法,2
具,2
极,2
地,2
在意,2
这个,2
维护,2
34,2
天,2
另,2
运行,2
3,2
拖尾,2
半,2
元,2
二,2
温馨,2
愿意,2
回到,2
人文,2
美女,2
如,2
较,2
裙,2
如果,2
另类,2
超级,2
甜蜜,2
做作,2
马尔代夫,2
纪实,2
氛围,2
旗袍,2
中山装,2
气质,2
拥有,2
完成,2
yjl,2
用,2
11:,2
礼服,2
愉快,2
样子,2
发起,2
点点滴滴,2
妹妹,2
幼师,2
黑白,2
无论,2
小镇,2
来说,2
必不可少,2
向往,2
格式,2
飞奔,2
必须,2
驰骋,2
回复,2
邮件,2
当然,2
a3,2
1c,2
52,2
c8,2
？,2
马尔,2
李,2
杨,2
基乐,2
骑行,2
合理,2
@彭,2
新印,2
精彩,2
价钱,2
古巷,2
相识,2
便宜,2
回溯,2
高大,2
时空,2
深度,2
赤脚,2
之间,2
方便,2
怎么,2
19,2
行走,2
精致,2
元素,2
回忆,2
青春,2
听,2
少,2
教师,2
穿点,2
 性,2
扮演,2
鉴证,2
5万,2
流水,2
小桥,2
朋友,2
类,2
给,2
夕阳,2
现在,2
甜美,2
其实,2
一望无际,2
个性,2
梦幻,2
精灵,2
笑,2
服务,2
@翟,2
柯,2
点击,2
下面,2
链接,2
加入,2
会议,2
ht,2
tp,2
s:,2
不同,2
//,2
to,2
r.,2
im,2
/z,2
oo,2
m/,2
多年,2
因为,2
于,2
已经,2
瀑布,2
多少,2
安排,2
钱,2
自由,2
运营,2
留下,2
什么的,2
风,2
记忆,2
照没,2
山顶,2
宫廷,2
亲近,2
古装,2
你们,2
热气球,2
28,2
文艺范,2
水下,2
每,2
北京,2
问题,2
提,2
婚姻,2
成,2
重要,2
档期,2
长裙,2
性感,2
属于,2
担心,2
天使,2
玩,2
情有独钟,2
点,2
值得,2
扮成,2
一边,2
以前,2
某个,2
色彩,2
合适,2
男朋友,2
你,2
童话,2
年纪,2
情绪,2
充满,2
古建筑,2
做,2
棚景,2
一直,2
一起,2
年04月3,2
简单,2
海滩,2
0日,2
20,2
.,2
25(,2
),2
日本,2
曾经,2
聊,2
俩,2
要是,2
为主,2
实际,2
时尚,2
街道,2
重现,2
中国,2
出来,2
某,2
旁边,2
90后,2
大气,2
鲜花,2
女孩,2
抹胸,2
共有,1
露肩,1
上身,1
蕾丝,1
景色,1
真,1
现场,1
长摆尾,1
那样,1
电视剧,1
草坪,1
它,1
秋景,1
落叶,1
满,1
恩师,1
爱人所,1
可爱,1
蛮,1
小鱼,1
修身,1
流动,1
挺,1
话会,1
美梦,1
只,1
欢乐,1
味道,1
晚上,1
自然点,1
一般,1
公园,1
麻烦,1
细节,1
不然,1
飘,1
纱要,1
吧婚,1
或许,1
说,1
生动,1
年轻,1
质量,1
注意,1
公主式,1
新版,1
小清,1
过期,1
姿态,1
芬兰,1
留给,1
海岛,1
帅气,1
雪地,1
多样化,1
非洲,1
年老,1
印度,1
阿拉伯,1
4.,1
3.,1
观摩,1
羡慕,1
离奇不经,1
看2,1
女1.,1
发丝,1
微风 ,1
幻想,1
走,1
威尼斯,1
遭,1
宁静,1
朴实无华,1
或是,1
做到,1
讲究,1
照不,1
姑娘,1
蒙古,1
位,1
随心所欲,1
跟某,1
进行,1
玩耍,1
累,1
座,1
拍婚纱,1
打算,1
分开,1
生活区,1
本身,1
夸张,1
欢假景,1
喜,1
某片,1
蜜月,1
度,1
别的,1
很多,1
某些,1
金钱,1
隐秘,1
有关,1
情境,1
爱好,1
听女,1
相关,1
迷人,1
心中,1
甚至,1
琐碎,1
俩人,1
当作,1
冲,1
浪照,1
景点,1
江堰,1
九寨沟,1
四川,1
电影,1
科幻,1
星际,1
有些,1
DO,1
现代主义,1
TA,1
得体,1
棒,1
水晶,1
工程师,1
软件,1
et,1
.n,1
不过,1
七天,1
幸福感,1
会会,1
每次,1
估计,1
十分,1
主要,1
造型,1
想街,1
两万,1
随性,1
有意思,1
地质,1
建筑,1
国外,1
介绍,1
行政,1
助理,1
海拔,1
第二,1
壮丽,1
大自然山河,1
两千米,1
掉,1
PS,1
以上,1
花草,1
失真,1
吹,1
拌男,1
男扮,1
应景,1
大学,1
览,1
宫殿,1
纵山,1
山涧,1
之中,1
面,1
假景,1
办法,1
细想,1
环山,1
带有,1
闺蜜,1
律师,1
班级,1
大红,1
服耶,1
老人,1
大四,1
2b9756,1
e9503,1
77,1
b6,1
86,1
d4,1
8e,1
653,1
f2,1
意味,1
相守,1
老呀,1
行呀,1
电视,1
热带雨林,1
类似,1
大漠,1
日落,1
日出,1
悬崖峭,1
壁边,1
谈情,1
幽静,1
竹林,1
相互,1
依偎,1
东西,1
婚庆,1
全部,1
包揽,1
21,1
全程,1
成套,1
魔女,1
细沙,1
红色,1
森林系,1
古堡,1
一样,1
白色,1
洁白,1
基尼风,1
比,1
欧美风,1
感风,1
喜欢性,1
完,1
一次性,1
紧巴巴,1
计划,1
不用,1
住,1
交车,1
包含,1
绿,1
到处,1
开车,1
喜欢旅,1
白尾,1
正式,1
大礼堂,1
端庄,1
搞,1
海底照,1
草地,1
录像,1
多种,1
游泳,1
套系,1
幽默,1
油画,1
池里,1
森林风,1
差不多,1
不错[,1
1w,1
部分,1
再,1
憨笑],1
木屋,1
下边,1
意愿,1
按,1
潮流,1
新颖,1
英伦风,1
干净,1
化妆师,1
冬季,1
夏季,1
季,1
跳伞,1
分,1
冷,1
蹦极,1
纪录,1
热就,1
气候,1
赶,1
那么,1
老公,1
相爱,1
灰度,1
明亮,1
自然美,1
颜色,1
文职,1
果园,1
果树,1
果子,1
穿梭,1
丛林,1
男25,1
深点,1
女26,1
下来,1
接,1
到位,1
今天,1
男程,1
山,1
牛逼,1
望,1
眼,1
序员,1
老师,1
绝对,1
重游,1
故地,1
摆造型,1
情节,1
注重,1
注重景,1
离,1
远,1
设计师,1
统计,1
室外,1
标准,1
上面,1
使用,1
人家,1
长尾,1
29,1
设置,1
山上,1
此类,1
收到,1
去山,1
入乡随俗,1
483,1
af3,1
fb,1
aa,1
d5,1
42,1
785,1
d3,1
去拍,1
市场,1
db2,1
专员,1
→,1
详情,1
查看,1
wer,1
To,1
进入,1
或,1
评论,1
发表,1
范,1
着装,1
民国,1
信息,1
其他,1
添加,1
自行,1
酌情,1
手,1
项,1
三,1
拿,1
:39,1
14,1
如下,1
油,1
这里,1
最终,1
关于,1
每个,1
纸伞,1
江南,1
总翟,1
汇,1
青石,1
板胡,1
同,1
桥,1
水边,1
垂柳,1
翟根深,1
r],1
  01 ,1
[To,1
收件,1
16,1
bo,1
y ,1
发送,1
er,1
Tow,1
发件,1
ng,1
wa,1
h.,1
pj,1
@y,1
 彬,1
仔 ,1
适合,1
排,1
奔跑,1
日控动,1
气派,1
漫迷,1
典型,1
美美,1
预算,1
妖风,1
仙气,1
10万,1
藤爷,1
5,1
白马王子,1
野兽,1
目前,1
奇幻,1
女友,1
国内,1
神圣,1
桂林,1
港澳台,1
青岛,1
喜欢旗袍,1
销售,1
安迪,1
4,1
新,1
允许,1
条件,1
事物,1
尝试,1
刻意,1
价值,1
周边,1
短款,1
巫婆,1
结合,1
推荐,1
哔哩,1
特意,1
哔,1
哩,1
系列,1
活动,1
作为,1
代表性,1
   02,1
短裙,1
摇滚风,1
朋克,1
沙,1
 g,1
ir,1
l ,1
 坤儿,1
学院,1
思蒙,1
刘,1
2,1
行政 ,1
款式,1
种类,1
公主,1
城堡,1
幸福 ,1
以内会,1
一万,1
慢慢,1
感动,1
然人,1
时代,1
青涩,1
需要,1
古风,1
剑,1
侠风,1
   03,1
   04,1
    05,1
婷婷,1
流逝,1
时光,1
  26,1
1.,1
岁月,1
家人,1
4天,1
喜欢妆,1
浓,1
目的,1
不如,1
贵妇,1
名媛,1
态度,1
旅,1
更,1
有所,1
平常心,1
特点,1
影楼,1
每年,1
   06,1
旋子,1
访问,1
电话,1
  研,1
-5万,1
推广,1
照时,1
桃子,1
1,1
/27,1
缺少,1
便,1
第一,1
圆满,1
时刻,1
丽江,1
恶魔,1
婚戒,1
订制,1
故事感,1
厦门,1
微电影,1
十足,1
喜欢户,1
游乐园,1
沃德兰,1
废弃,1
郊区,1
外婚,1
睡美人,1
主/,1
白雪公,1
礼纪,1
扮,1
手杰克,1
开膛,1
鬼/,1
吸血,1
实拍摄,1
他,1
家,1
诡异,1
爱宠萨,1
阴暗,1
摩犬,1
独一无二,1
哥特,1
爱好者,1
珍贵,1
世纪,1
恋爱,1
露点,1
进去,1
景床,1
生活场,1
   07,1
 洋,1
洋  ,1
穿着,1
平时,1
自然妆,1
  22,1
虽然,1
印象,1
认真,1
聊些,1
耳渎,1
目染,1
精力,1
费用,1
些,1
从简,1
一切,1
小小的,1
尽量,1
所以,1
 玩心,1
辛苦,1
看腻,1
粗制,1
布景,1
”,1
唯有,1
快乐,1
“,1
告诉,1
打动人心,1
潜水,1
开销,1
衣服,1
换,1
超过2000元,1
找,1
花,1
优美,1
不在乎,1
当年,1
看到,1
有名,1
这些,1
通过,1
随便,1
修修图,1
出声,1
效果,1
抽象点,1
首先,1
每每,1
看点,1
ps,1
太假,1
人事,1
漂亮,1
浓妆,1
化,1
体现,1
唯,1
原本,1
路线,1
爱人,1
靓丽,1
矫情,1
内景,1
趋于,1
件,1
亲密,1
秘密,1
回归,1
辽阔,1
岩石,1
公路,1
偏向,1
欧陆,1
坑钱,1
而言,1
男人,1
欢乐谷,1
lo,1
w爆,1
复古 ,1
搞怪,1
XX,1
风光,1
土,1
桃花树,1
下拍,1
自然环境,1
挺美,1
都市,1
现代,1
古朴,1
既,1
种景,1
空三,1
海陆,1
融合,1
头纱,1
高跟鞋,1
小孩,1
差异化,1
个性化,1
突出,1
拖,1
搂,1
多国,1
啥,1
只要,1
优惠,1
建筑物,1
花花草草,1
抓,1
搞笑,1
整个,1
海归,1
已婚,1
经历,1
压根,1
浪费,1
开,1
知性,1
挖掘机,1
咨询,1
马子,1
船员,1
韩式,1
中国风,1
诙谐,1
继续,1
上班族,1
徒步,1
文艺复古,1
旅行者,1
古建筑群,1
(,1
外景会,1
医生),1
格调,1
长相,1
决定,1
双方,1
各自,1
肖像,1
全身,1
半身,1
彩色照,1
景观,1
这次,1
黄,1
爱,1
俊,1
健华,1
杰,1
@孙,1
梦雪,1
@蘇,1
895,1
f45,1
了解,1
f9,1
cd3,1
a97,1
a8f,1
f0e,1
d7,1
cdb1,1
老婆,1
   08,1
阿,1
珍 ,1
 25,1
仙人掌,1
沙浪,1
法国,1
普罗旺斯,1
以下,1
麦田,1
田园,1
09,1
男 ,1
强 ,1
少数民族,1
具有,1
 26,1
具体,1
在乎,1
听从,1
水平,1
拿捏,1
准确,1
特性,1
自由度,1
呆板,1
作,1
  10 ,1
阿梅  ,1
西式,1
队伍,1
迎娶,1
花轿,1
假,1
道具,1
造作,1
动作,1
喜欢希腊,1
 土耳其 ,1
般,1
地中海,1
环球,1
5-10万,1
重好,1
符合,1
节奏,1
慢,1
渗透,1
玩乐,1
娇柔,1
显,1
尽,1
女士,1
霸气,1
主显,1
男士,1
组合,1
感染力,1
 11,1
小麦,1
魔鬼,1
游戏,1
设计 ,1
提供,1
花絮,1
参考 ,1
日本A,1
KB,1
前任,1
成员,1
螩田,1
麻里子,1
代言,1
户外,1
婚纱款,1
画廊,1
雕窗,1
偏,1
古代人,1
洛丽塔,1
CO,1
S风,1
日系,1
区别,1
欧美,1
健身,1
违,1
房拍,1
之前,1
月,1
努力,1
练练,1
仔范,1
牛,1
人鱼线,1
欧,1
马,1
星空,1
雪山,1
甲线,1
翘臀,1
腹肌,1
晒,1
力量感,1
身体,1
前提,1
俩胖,1
新房,1
空间,1
想象,1
一下,1
西服,1
房子,1
做饭,1
吃饭,1
烛光,1
晚宴,1
有皇室,1
吗,1
